{
    "African-Islamic":{
        "Q106":0.6289225461,
        "Q107":0.5514771688,
        "Q108":0.4059603151,
        "Q109":0.3178743184,
        "Q110":0.3619278854,
        "Q111":0.4890856534,
        "Q164":0.910273872,
        "Q165":0.0132906564,
        "Q166":0.132438729,
        "Q167":0.1333530298,
        "Q168":0.0688792231,
        "Q169":0.220694739,
        "Q170":0.2787188965,
        "Q171":0.3824541733,
        "Q172":0.1633097597,
        "Q173":0.1145868775,
        "Q174":0.5783683015,
        "Q175":0.5160037316,
        "Q176":0.4743739936,
        "Q177":0.2011671606,
        "Q178":0.1835324806,
        "Q179":0.0879623692,
        "Q180":0.1387006383,
        "Q181":0.1036100338,
        "Q182":0.0936708077,
        "Q183":0.0993947506,
        "Q184":0.1501485958,
        "Q185":0.2808336113,
        "Q186":0.1402868185,
        "Q187":0.0889335977,
        "Q188":0.1466561407,
        "Q189":0.1247549171,
        "Q190":0.237954992,
        "Q191":0.1012206563,
        "Q192":0.0845949563,
        "Q193":0.1162691939,
        "Q194":0.0920344602,
        "Q195":0.3035882039,
        "Q196":0.3807647435,
        "Q197":0.5158837998,
        "Q198":0.5246769555
    },
    "Catholic_Europe":{
        "Q106":0.5765986961,
        "Q107":0.4991302848,
        "Q108":0.4285302105,
        "Q109":0.2907303654,
        "Q110":0.4734101733,
        "Q111":0.3866667256,
        "Q164":0.4555866612,
        "Q165":0.4568020995,
        "Q166":0.5717596751,
        "Q167":0.7170238576,
        "Q168":0.6359528643,
        "Q169":0.6913051248,
        "Q170":0.6347604295,
        "Q171":0.7159246664,
        "Q172":0.6709342353,
        "Q173":0.3370242626,
        "Q174":0.7694604784,
        "Q175":0.8156054798,
        "Q176":0.4552431823,
        "Q177":0.2197905779,
        "Q178":0.2530580515,
        "Q179":0.1298966379,
        "Q180":0.1684652622,
        "Q181":0.1557391996,
        "Q182":0.6152155148,
        "Q183":0.3883149168,
        "Q184":0.5197023619,
        "Q185":0.6792958374,
        "Q186":0.7365423028,
        "Q187":0.3168976444,
        "Q188":0.4758165979,
        "Q189":0.0820513131,
        "Q190":0.1685425041,
        "Q191":0.0920576261,
        "Q192":0.0769388866,
        "Q193":0.5276297422,
        "Q194":0.1128087269,
        "Q195":0.3104907869,
        "Q196":0.5500614078,
        "Q197":0.8316787588,
        "Q198":0.7973095931
    },
    "Confucian":{
        "Q106":0.5834270354,
        "Q107":0.485732197,
        "Q108":0.479556054,
        "Q109":0.351208872,
        "Q110":0.4104735166,
        "Q111":0.3846709428,
        "Q164":0.4138575089,
        "Q165":0.4935915292,
        "Q166":0.6048274783,
        "Q167":0.6372591743,
        "Q168":0.6079857759,
        "Q169":0.6925073271,
        "Q170":0.683677912,
        "Q171":0.7397347657,
        "Q172":0.7068605485,
        "Q173":0.5699068348,
        "Q174":0.7361260418,
        "Q175":0.7413375221,
        "Q176":0.4569506812,
        "Q177":0.2220105941,
        "Q178":0.1603605191,
        "Q179":0.1048597249,
        "Q180":0.1244752816,
        "Q181":0.1205474908,
        "Q182":0.3789503065,
        "Q183":0.197466162,
        "Q184":0.3109922858,
        "Q185":0.4617401019,
        "Q186":0.4610735833,
        "Q187":0.2098112985,
        "Q188":0.4569252798,
        "Q189":0.1119264644,
        "Q190":0.2416575917,
        "Q191":0.1196288524,
        "Q192":0.1131565297,
        "Q193":0.2163792623,
        "Q194":0.132339081,
        "Q195":0.4803825253,
        "Q196":0.4410000482,
        "Q197":0.6236429121,
        "Q198":0.6928438502
    },
    "English-speaking":{
        "Q106":0.5185528834,
        "Q107":0.4143875298,
        "Q108":0.4777788944,
        "Q109":0.2937568823,
        "Q110":0.3675346509,
        "Q111":0.3462546018,
        "Q164":0.4608756113,
        "Q165":0.3786660393,
        "Q166":0.4310441758,
        "Q167":0.6239158645,
        "Q168":0.485205127,
        "Q169":0.7327409913,
        "Q170":0.786516462,
        "Q171":0.721035279,
        "Q172":0.6150299,
        "Q173":0.3726502891,
        "Q174":0.7497282971,
        "Q175":0.7795981873,
        "Q176":0.538552187,
        "Q177":0.1256376884,
        "Q178":0.1792562838,
        "Q179":0.0678259129,
        "Q180":0.1126200094,
        "Q181":0.0660272496,
        "Q182":0.6924775949,
        "Q183":0.4081717344,
        "Q184":0.5719025372,
        "Q185":0.7083119734,
        "Q186":0.7331303909,
        "Q187":0.3136708687,
        "Q188":0.5883828707,
        "Q189":0.0395199741,
        "Q190":0.0853201374,
        "Q191":0.099505242,
        "Q192":0.0476974099,
        "Q193":0.5584519588,
        "Q194":0.0970850336,
        "Q195":0.4011246657,
        "Q196":0.3709883119,
        "Q197":0.7033782973,
        "Q198":0.6812449206
    },
    "Latin_America":{
        "Q106":0.5713695258,
        "Q107":0.5331718437,
        "Q108":0.4845278367,
        "Q109":0.3954206231,
        "Q110":0.3933567957,
        "Q111":0.375264684,
        "Q164":0.8418873822,
        "Q165":0.0638373857,
        "Q166":0.358318322,
        "Q167":0.442991005,
        "Q168":0.2531603361,
        "Q169":0.5216843598,
        "Q170":0.5990408892,
        "Q171":0.4826346327,
        "Q172":0.3179053213,
        "Q173":0.1706195248,
        "Q174":0.8462994657,
        "Q175":0.822876851,
        "Q176":0.4888628546,
        "Q177":0.3192232857,
        "Q178":0.2608278102,
        "Q179":0.0866754749,
        "Q180":0.1381952448,
        "Q181":0.1097318616,
        "Q182":0.3856846821,
        "Q183":0.2556282815,
        "Q184":0.2156160259,
        "Q185":0.4867292777,
        "Q186":0.4601455846,
        "Q187":0.1543189911,
        "Q188":0.2920310108,
        "Q189":0.0746158499,
        "Q190":0.2285396868,
        "Q191":0.1053434823,
        "Q192":0.0944583623,
        "Q193":0.319496783,
        "Q194":0.1145526911,
        "Q195":0.297920212,
        "Q196":0.4835826518,
        "Q197":0.7239074181,
        "Q198":0.7240929418
    },
    "Orthodox_Europe":{
        "Q106":0.6507952748,
        "Q107":0.5500263087,
        "Q108":0.3835333089,
        "Q109":0.3090721663,
        "Q110":0.4091966945,
        "Q111":0.492577729,
        "Q164":0.7411928211,
        "Q165":0.0996160555,
        "Q166":0.4783865898,
        "Q167":0.5028278978,
        "Q168":0.4700197366,
        "Q169":0.5817173164,
        "Q170":0.505452529,
        "Q171":0.5563800325,
        "Q172":0.4269647062,
        "Q173":0.1272548441,
        "Q174":0.7860134806,
        "Q175":0.8383501316,
        "Q176":0.4624117958,
        "Q177":0.2000165974,
        "Q178":0.2251544088,
        "Q179":0.0934734158,
        "Q180":0.178192026,
        "Q181":0.1175604088,
        "Q182":0.2161591092,
        "Q183":0.2014071421,
        "Q184":0.3194791148,
        "Q185":0.4873936954,
        "Q186":0.4918028311,
        "Q187":0.1311456557,
        "Q188":0.2749415456,
        "Q189":0.0927349365,
        "Q190":0.1337454443,
        "Q191":0.0939197177,
        "Q192":0.0824397923,
        "Q193":0.3114095328,
        "Q194":0.1077189697,
        "Q195":0.2817959074,
        "Q196":0.5649174908,
        "Q197":0.7474459662,
        "Q198":0.7479690427
    },
    "Protestant_Europe":{
        "Q106":0.5020669304,
        "Q107":0.4814346014,
        "Q108":0.4369530618,
        "Q109":0.3411800352,
        "Q110":0.4528925301,
        "Q111":0.2887682027,
        "Q164":0.3700700416,
        "Q165":0.5122243887,
        "Q166":0.5894589458,
        "Q167":0.8528007525,
        "Q168":0.6995589965,
        "Q169":0.8182350285,
        "Q170":0.7998197416,
        "Q171":0.7790935692,
        "Q172":0.7035085112,
        "Q173":0.3540882059,
        "Q174":0.5203317054,
        "Q175":0.8328940246,
        "Q176":0.5280271717,
        "Q177":0.0615359072,
        "Q178":0.1069384028,
        "Q179":0.0283027049,
        "Q180":0.0763632244,